Pallet,Modelo,Estandar,Wave1,Wave2,Flux,Conveyor
1,Lion Mite,20,0,0,0,0
2,Lion Mite,20,0,0,0,0
3,Lion Mite,18,0,0,0,0
4,Lion Mite,20,0,0,0,0
5,Lion Mite,20,0,0,0,0
6,Lion Mite,20,0,0,0,0
7,Lion Mite,20,0,0,0,0
8,Lion Mite,20,0,0,0,0
9,Lion Mite,20,0,0,0,0
10,Lion Mite,20,0,0,0,0
11,Lion Mite,20,0,0,0,0
16,Tangtring,25,0,0,0,0
26,BGA200,10,0,0,0,0
27,BGA200,9,0,0,0,0
28,BGA200,9,0,0,0,0
29,BGA200,9,0,0,0,0
30,FSA135,9,0,0,0,0
31,FSA135,9,0,0,0,0
32,FSA135,9,0,0,0,0
33,FSA135,9,0,0,0,0
34,FSA135,9,0,0,0,0
35,FSA135,8,0,0,0,0
36,FA08,15,0,0,0,0
37,FA08,15,0,0,0,0
38,FA08,15,0,0,0,0
39,FA08,15,0,0,0,0
40,FA08,15,0,0,0,0
41,HLA,9,0,0,0,0
42,HLA,9,0,0,0,0
43,HLA,9,0,0,0,0
44,HLA,9,0,0,0,0
45,HLA,9,0,0,0,0
46,LOCUS,25,0,0,0,0
47,LOCUS,25,0,0,0,0
48,LOCUS,25,0,0,0,0
49,LOCUS,25,0,0,0,0
56,ROTOZIP,30,0,0,0,0
57,ROTOZIP,30,0,0,0,0
67,DC-I,15,0,0,0,0
68,DC-I,15,0,0,0,0
69,DC-I,15,0,0,0,0
70,ROUTER,30,0,0,0,0
71,ROUTER,30,0,0,0,0
72,ROUTER,30,0,0,0,0
73,ROUTER,30,0,0,0,0
80,PR20,24,0,0,0,0
81,PR20,24,0,0,0,0
82,PR20,24,0,0,0,0
100,INHEMETER,8,0,0,0,0
101,INHEMETER,8,0,0,0,0
102,INHEMETER,8,0,0,0,0
103,INHEMETER,8,0,0,0,0
104,INHEMETER,8,0,0,0,0
105,INHEMETER,8,0,0,0,0
106,INHEMETER,8,0,0,0,0
107,INHEMETER,8,0,0,0,0
108,INHEMETER,8,0,0,0,0
109,INHEMETER,8,0,0,0,0
110,INHEMETER,8,0,0,0,0
111,INHEMETER,8,0,0,0,0
112,INHEMETER,8,0,0,0,0
113,INHEMETER,8,0,0,0,0
114,INHEMETER,8,0,0,0,0
115,INHEMETER,8,0,0,0,0
116,INHEMETER,8,0,0,0,0
117,INHEMETER,8,0,0,0,0
118,INHEMETER,8,0,0,0,0
119,INHEMETER,8,0,0,0,0
120,INHEMETER,8,0,0,0,0
121,INHEMETER,8,0,0,0,0
122,INHEMETER,8,0,0,0,0
123,INHEMETER,8,0,0,0,0
124,INHEMETER,8,0,0,0,0
125,INHEMETER,8,0,0,0,0
126,INHEMETER,8,0,0,0,0
127,INHEMETER,8,0,0,0,0
128,INHEMETER,8,0,0,0,0
129,INHEMETER,8,0,0,0,0
130,INHEMETER,8,0,0,0,0
131,P10,40,0,0,0,0
