Modelo,Pallet,Defectos,Estandar,Fecha/Hora,FPY,Wave1,Wave2,Flux,Conveyor,Falta de soldadura,Exceso de soldadura,Cortos,Falta de housing,Comp. SMT dañado,Falta comp. SMT,Falta de conector,Housing dañado,Comp. THT dañado,Falta comp. THT,Conector levantado,Housing quemado,Comp. SMT levantado,Comp. THT levantado,Bola de soldadura,Cable dañado,Falta de cable,Cable suelto,Cable quemado,Terminales iguales,L1 dañado,Pin largo,Falta de evidencia de pin,Cable invertido,Terminales desalineadas,Exceso de goma,Disponible_2,Disponible_3,Disponible_4,Disponible_5
Reset,2,5,20,28/02/2026 11:39:30,75.00%,0,0,0,0,0,0,5,0,0,0,0,0,0,0,0,0,0,0,0,0,0,0,0,0,0,0,0,0,0,0,0,0,0,0
Lion Mite,5,2,20,28/02/2026 13:44:06,90.00%,0,0,0,0,0,0,1,0,1,0,0,0,0,0,0,0,0,0,0,0,0,0,0,0,0,0,0,0,0,0,0,0,0,0
Lion Mite,6,0,20,28/02/2026 13:44:07,100.00%,0,0,0,0,0,0,0,0,0,0,0,0,0,0,0,0,0,0,0,0,0,0,0,0,0,0,0,0,0,0,0,0,0,0
Lion Mite,7,0,20,28/02/2026 13:44:08,100.00%,0,0,0,0,0,0,0,0,0,0,0,0,0,0,0,0,0,0,0,0,0,0,0,0,0,0,0,0,0,0,0,0,0,0
Lion Mite,8,0,20,28/02/2026 13:44:08,100.00%,0,0,0,0,0,0,0,0,0,0,0,0,0,0,0,0,0,0,0,0,0,0,0,0,0,0,0,0,0,0,0,0,0,0
Lion Mite,9,0,20,28/02/2026 13:44:09,100.00%,0,0,0,0,0,0,0,0,0,0,0,0,0,0,0,0,0,0,0,0,0,0,0,0,0,0,0,0,0,0,0,0,0,0
Lion Mite,1,0,20,03/03/2026 19:53:50,100.00%,0,0,0,0,0,0,0,0,0,0,0,0,0,0,0,0,0,0,0,0,0,0,0,0,0,0,0,0,0,0,0,0,0,0
Lion Mite,5,0,20,03/03/2026 19:57:28,100.00%,0,0,0,0,0,0,0,0,0,0,0,0,0,0,0,0,0,0,0,0,0,0,0,0,0,0,0,0,0,0,0,0,0,0
Lion Mite,6,4,20,03/03/2026 19:57:33,80.00%,0,0,0,0,0,0,4,0,0,0,0,0,0,0,0,0,0,0,0,0,0,0,0,0,0,0,0,0,0,0,0,0,0,0
Lion Mite,7,3,20,03/03/2026 19:57:38,85.00%,0,0,0,0,0,0,3,0,0,0,0,0,0,0,0,0,0,0,0,0,0,0,0,0,0,0,0,0,0,0,0,0,0,0
Lion Mite,2,0,20,03/03/2026 19:57:44,100.00%,0,0,0,0,0,0,0,0,0,0,0,0,0,0,0,0,0,0,0,0,0,0,0,0,0,0,0,0,0,0,0,0,0,0
Lion Mite,3,0,18,03/03/2026 19:57:45,100.00%,0,0,0,0,0,0,0,0,0,0,0,0,0,0,0,0,0,0,0,0,0,0,0,0,0,0,0,0,0,0,0,0,0,0
Lion Mite,4,0,20,03/03/2026 19:57:45,100.00%,0,0,0,0,0,0,0,0,0,0,0,0,0,0,0,0,0,0,0,0,0,0,0,0,0,0,0,0,0,0,0,0,0,0
Lion Mite,5,0,20,03/03/2026 19:57:46,100.00%,0,0,0,0,0,0,0,0,0,0,0,0,0,0,0,0,0,0,0,0,0,0,0,0,0,0,0,0,0,0,0,0,0,0
Lion Mite,6,0,20,03/03/2026 19:57:47,100.00%,0,0,0,0,0,0,0,0,0,0,0,0,0,0,0,0,0,0,0,0,0,0,0,0,0,0,0,0,0,0,0,0,0,0
Lion Mite,7,0,20,03/03/2026 19:57:47,100.00%,0,0,0,0,0,0,0,0,0,0,0,0,0,0,0,0,0,0,0,0,0,0,0,0,0,0,0,0,0,0,0,0,0,0
Lion Mite,8,0,20,03/03/2026 19:57:48,100.00%,0,0,0,0,0,0,0,0,0,0,0,0,0,0,0,0,0,0,0,0,0,0,0,0,0,0,0,0,0,0,0,0,0,0
Lion Mite,9,0,20,03/03/2026 19:57:50,100.00%,0,0,0,0,0,0,0,0,0,0,0,0,0,0,0,0,0,0,0,0,0,0,0,0,0,0,0,0,0,0,0,0,0,0
Lion Mite,10,0,20,03/03/2026 19:57:52,100.00%,0,0,0,0,0,0,0,0,0,0,0,0,0,0,0,0,0,0,0,0,0,0,0,0,0,0,0,0,0,0,0,0,0,0
Lion Mite,6,2,20,03/03/2026 19:58:00,90.00%,0,0,0,0,0,0,0,0,0,0,0,0,0,0,0,0,0,2,0,0,0,0,0,0,0,0,0,0,0,0,0,0,0,0
Lion Mite,1,2,20,03/03/2026 19:58:12,90.00%,0,0,0,0,0,0,2,0,0,0,0,0,0,0,0,0,0,0,0,0,0,0,0,0,0,0,0,0,0,0,0,0,0,0
INHEMETER,130,0,8,03/03/2026 19:59:26,100.00%,0,0,0,0,0,0,0,0,0,0,0,0,0,0,0,0,0,0,0,0,0,0,0,0,0,0,0,0,0,0,0,0,0,0
P10,131,0,40,03/03/2026 19:59:30,100.00%,0,0,0,0,0,0,0,0,0,0,0,0,0,0,0,0,0,0,0,0,0,0,0,0,0,0,0,0,0,0,0,0,0,0
INHEMETER,129,6,8,03/03/2026 19:59:58,25.00%,0,0,0,0,0,0,0,0,0,0,0,0,6,0,0,0,0,0,0,0,0,0,0,0,0,0,0,0,0,0,0,0,0,0
P10,131,5,40,03/03/2026 20:00:05,87.50%,0,0,0,0,0,0,0,0,0,0,0,0,5,0,0,0,0,0,0,0,0,0,0,0,0,0,0,0,0,0,0,0,0,0
